id;fecha_hora_mensaje;descripcion_mensaje;estado_mensaje
1;2019-10-20T22:12:57;Small Andorra infomediaries;Executive Regional Wisconsin
2;2019-10-20T21:43:15;Jewelery Engineer Bedfordshire;Tanzanian Shilling Assurance Nebraska
3;2019-10-21T06:01:10;stable override;Director
4;2019-10-21T02:40:31;tan program;Metal Auto Loan Account
5;2019-10-21T12:48:39;Montana;Applications
6;2019-10-21T12:02:33;Checking Account frictionless;Rubber Awesome Frozen Mouse
7;2019-10-21T12:00:06;primary Customer-focused UAE Dirham;Rubber Mall Investment Account
8;2019-10-21T00:40:31;Unbranded transmitting;Administrator Frozen matrix
9;2019-10-20T21:13:05;Shirt;Mobility
10;2019-10-21T02:25:11;Refined Soft Keyboard synthesizing;indigo Bacon Mouse
